Date,Abundancia,Reclutas,Capturas,Muertes,Muertes desinundaci√≥n,Peso por individuo
2021-01-01,107013.0,17704.184302878442,31270.55516204692,4170.027413713753,0.0,2.9132983577652833
2021-02-01,89612.24660796252,73669.83258534379,11373.495655762972,3717.5339122413857,0.0,8.009890693002482
2021-03-01,147082.50012972346,17162.85662072565,19017.495689557523,5703.948495392655,0.0,4.790349817196126
2021-04-01,139666.95182202192,106225.10581727065,15546.423620488862,5761.0910491616305,0.0,5.859898020528487
2021-05-01,222977.556346775,471644.1821865956,10672.311595298288,10355.433353609173,0.0,8.536150410013752
2021-06-01,665066.495607911,20299.085555533195,14294.669988224348,25572.006589719327,0.0,6.373036738521886
2021-07-01,645869.2030900833,19060.089196992867,10952.203712901966,24831.361534534597,0.0,8.318002421072702
2021-08-01,629462.2033072504,20299.085555533195,16516.59732780407,24207.176571670414,0.0,5.515691591429751
2021-09-01,609424.0332394561,20917.229971311677,43006.92302230936,23441.41693854397,0.0,2.1182742358187925
2021-10-01,564754.5572610616,29218.71812926492,14812.359065375147,21760.910858621908,0.0,6.150300340271472
2021-11-01,557539.1835352264,29218.71812926492,17088.1661594961,21484.32177297735,0.0,5.331201496386104
2021-12-01,548362.4251467788,19943.296339319666,16641.411825895753,21096.99058803542,0.0,5.4743226087487535
2022-01-01,530904.0749436883,17049.675064603536,78496.47857757335,20416.662206954286,0.0,1.1605674375567165
2022-02-01,450589.7993566399,77772.84110299395,145790.6736260094,17570.722920663226,0.0,0.6248716377681065
2022-03-01,366620.92791258637,76673.78226214493,9035.838519993818,14347.705925710496,0.0,10.08212539416456
2022-04-01,418902.6974229542,105907.94526816951,42499.3575606985,16463.902874958163,0.0,2.143572567417951
2022-05-01,464958.9976519823,109556.89709711539,8143.689407332747,18243.380485042017,0.0,11.186632058679848
2022-06-01,546554.9130448365,18259.482849519234,60543.129375748664,21021.24807161318,0.0,1.5047199895235588
2022-07-01,484448.0048406953,19060.089196992867,28187.086645379633,18643.554315681333,0.0,3.231992654868182
2022-08-01,457202.98500224337,17704.184302878442,10089.160410399822,17593.96516580025,0.0,9.029537968897234
2022-09-01,447412.885933698,17704.184302878442,6516.570290333202,17218.67836117598,0.0,13.979816520223844
2022-10-01,441495.95388202625,18259.482849519234,6190.349194397406,16993.991472337424,0.0,14.71652957517336
2022-11-01,436664.2944295409,17704.184302878442,12164.406884022837,16806.649378469676,0.0,7.489099786661573
2022-12-01,425610.63756795274,17049.675064603536,10323.977514829905,16380.417283999,0.0,8.824162670747636
2023-01-01,416138.62444670073,75108.0515688528,157812.58587366142,16239.880679823145,0.0,0.577269908452875
2023-02-01,319066.64071145887,73669.83258534379,42572.2977185392,12513.278037728944,0.0,2.13989993216476
2023-03-01,337299.2077231875,73669.83258534379,14527.885028037681,13212.192498759641,0.0,6.270730861662468
2023-04-01,382359.78478253307,466586.3448832881,6632.45065837818,16445.69177143573,0.0,13.735564980784433
2023-05-01,817475.00600747,105907.94526816951,15312.531790782292,31742.49475162098,0.0,5.9494052482450925
2023-06-01,875214.1878522101,18259.482849519234,14893.110104638772,33619.842650586674,0.0,6.116953165586605
2023-07-01,845533.2367942098,17704.184302878442,17118.466046666148,32479.945206817236,0.0,5.321765206745377
2023-08-01,814242.5784960319,17704.184302878442,21293.86610530262,31280.471015075695,0.0,4.278248794722818
2023-09-01,780032.3109668188,17162.85662072565,7855.9805113659695,29967.003479154286,0.0,11.596319118688823
2023-10-01,759763.1573382866,17162.85662072565,18704.9471442823,29190.01993236567,0.0,4.8703937144162115
2023-11-01,729612.6235583831,17704.184302878442,28837.795828376096,28036.32556346432,0.0,3.159064497930805
2023-12-01,691183.9411855504,77772.84110299395,9410.87768177753,26793.4903376334,0.0,9.68033589219841
2024-01-01,731965.7694847541,73669.83258534379,34628.79103182641,28341.064210734297,0.0,2.630772091242572
2024-02-01,742463.2596841498,78607.36369769121,83268.54981636608,28762.394837933687,0.0,1.0940560055495836
2024-03-01,709672.1889855418,73669.83258534379,38832.32328288509,27486.477701383847,0.0,2.3459955340903207
2024-04-01,716884.1091341184,466586.3448832881,10164.374405519724,29269.113054102356,0.0,8.962721498189623
2024-05-01,1135953.4950588574,119659.77803591797,12924.913815864076,44003.541529078124,0.0,7.048438256368335
2024-06-01,1197497.6856722883,18259.482849519234,7607.5921860154285,45974.03265757308,0.0,11.974939609337156
2024-07-01,1162843.9824423005,17704.184302878442,31265.091862806108,44643.51321296919,0.0,2.913807430976265
2024-08-01,1105741.0263283718,17162.85662072565,12074.121248535628,42452.4933777233,0.0,7.5451003948671485
2024-09-01,1069084.3427756522,17704.184302878442,36728.15450050967,41049.396817735666,0.0,2.4803984365382643
2024-10-01,1010147.808492816,18259.482849519234,20510.654153374577,38792.293610689216,0.0,4.441616357955674
2024-11-01,969881.0530701731,19943.296339319666,8161.800115350633,37255.19060781127,0.0,11.161809369560418
2024-12-01,944889.4247171334,18259.482849519234,101075.28302975066,36290.72440790084,0.0,0.9013129052845228
2025-01-01,828036.8805955054,76673.78226214493,10352.883424601674,32035.302064690633,0.0,8.799525046666414
2025-02-01,861673.654260844,73669.83258534379,6488.656822258616,33313.19547022159,0.0,14.039956110406395
2025-03-01,894900.7144505979,73669.83258534379,24433.32597118452,34586.89833659348,0.0,3.7285327878586587
2025-04-01,909273.0924839453,466586.3448832881,37437.59104040972,36644.01766954628,0.0,2.433395271123806
2025-05-01,1294350.0407052373,105907.94526816951,40580.23193327692,50022.68851920091,0.0,2.2449466811769274
2025-06-01,1309365.4321268457,18259.482849519234,35147.20267151729,50262.29254273957,0.0,2.591968921436422
2025-07-01,1243486.1714419092,17704.184302878442,16980.13310159629,47734.79443654789,0.0,5.365120311773982
2025-08-01,1197365.062904109,17049.675064603536,75779.89722952367,45964.31119673748,0.0,1.202171820371742
2025-09-01,1094651.7764469592,17162.85662072565,17210.507567413424,42027.40583524415,0.0,5.2933044910593265
2025-10-01,1053372.9510758715,17049.675064603536,13899.927596831287,40444.6183763921,0.0,6.5540238512298306
2025-11-01,1016783.8509956718,18259.482849519234,19485.654376273476,39046.67501876393,0.0,4.675257768655058
2025-12-01,977273.1307044289,17049.675064603536,9560.77843769724,37527.46113214748,0.0,9.528560628578063
2026-01-01,947803.0181615864,75108.0515688528,14429.581817834203,36620.33138341397,0.0,6.3134509475114955
2026-02-01,971405.8785825919,78607.36369769121,53619.625333337506,37538.52093095334,0.0,1.6990133077889884
2026-03-01,959092.6079309968,73669.83258534379,21357.363172261397,37047.58544694565,0.0,4.26552923529061
2026-04-01,974068.618131384,450648.3094131168,10304.55039397971,39066.74824333836,0.0,8.840798823520156
2026-05-01,1367751.8337975233,105907.94526816951,24687.77248336646,52836.421474345436,0.0,3.6901043648785845
2026-06-01,1395598.448949898,17704.184302878442,13120.478233490974,53565.76000394487,0.0,6.943379302094298
2026-07-01,1347543.3349387373,17704.184302878442,18660.063800799544,51723.648902020854,0.0,4.882108548637253
2026-08-01,1295860.717735799,17162.85662072565,8885.874111488685,49740.40854435163,0.0,10.252278600505356
2026-09-01,1255181.9485671378,17162.85662072565,4117.843685749854,48181.05708217859,0.0,22.123340260646813
2026-10-01,1220710.8214549324,17049.675064603536,50845.17873534461,46859.23116299376,0.0,1.791722622791613
2026-11-01,1141582.4026435565,17049.675064603536,84572.98632391002,43825.977746171644,0.0,1.0771815086567962
2026-12-01,1032340.2956186235,77772.84110299395,6463.415195154009,39871.13921902272,0.0,14.094786463401455
2027-01-01,1063183.6419014302,73669.83258534379,6121.065468713285,41037.73827944447,0.0,14.883104496372967
2027-02-01,1089192.9741157603,78607.36369769121,5908.636544007935,42053.68900015495,0.0,15.418185959057976
2027-03-01,1119258.0833558044,73669.83258534379,80023.03860250856,43187.25666604744,0.0,1.1384278651616233
2027-04-01,1070655.1279634454,466586.3448832881,26985.558350328087,42830.3236501926,0.0,3.375896685824639
2027-05-01,1459917.077974092,102298.05038762123,10253.738206809607,56355.58151059664,0.0,8.88460921886023
2027-06-01,1494930.432529664,18259.482849519234,352683.808235781,57375.61137268091,0.0,0.258306321052018
2027-07-01,1110544.9460477822,77772.84110299395,45843.90510446228,42868.981545318784,0.0,1.9871879760769464
2027-08-01,1099811.9307124,17162.85662072565,12077.045624921473,42225.21157674757,0.0,7.543273398918897
2027-09-01,1063375.3588281767,17162.85662072565,22386.122937272885,40828.47753573807,0.0,4.069505794070208
2027-10-01,1018195.1014998284,17049.675064603536,18787.60133821654,39096.13531523877,0.0,4.848966898966993
2027-11-01,978133.7866392314,17704.184302878442,43651.165940577324,37562.961864191406,0.0,2.0870108515317956
2027-12-01,915825.7098912998,17049.675064603536,26586.969566481785,35171.978715891564,0.0,3.4265077398986614
2028-01-01,871962.518186301,73669.83258534379,6874.468003324897,33707.60157773531,0.0,13.252001021160977
2028-02-01,904424.1259757476,73669.83258534379,11981.987771140823,34951.9621276105,0.0,7.603117173881591
2028-03-01,930654.0568890119,73669.83258534379,8746.962338856678,35957.441938287935,0.0,10.415096518171108
2028-04-01,959071.3413416467,460042.69357286947,7116.810826447092,38527.864907605435,0.0,12.800741683544208
2028-05-01,1365627.2611862803,102298.05038762123,14641.432631132866,52741.141676724415,0.0,6.222099933464721
2028-06-01,1399881.994277072,17049.675064603536,12087.52728595787,53727.453482136676,0.0,7.536732273260865
2028-07-01,1352039.526737811,17162.85662072565,13767.13938817934,51893.92768346846,0.0,6.617239386580202
2028-08-01,1304459.099921285,17162.85662072565,307338.0809157121,50070.012908182514,0.0,0.2964177323179955
2028-09-01,970652.6881403917,75108.0515688528,16018.833260172769,37496.23463761251,0.0,5.687084416222798
2028-10-01,991837.0446302328,17162.85662072565,18947.49760481839,38086.177876094036,0.0,4.808046893582029
2028-11-01,952720.7440233924,17162.85662072565,15140.455497425019,36586.72099004184,0.0,6.0170222101636055
2028-12-01,918810.5218401075,75108.0515688528,78449.97691591938,35508.953324173825,0.0,1.1612553703825697
2029-01-01,880694.8600004748,78607.36369769121,44359.81992019721,34061.26824233947,0.0,2.0536705776508706
2029-02-01,880877.61044396,78607.36369769121,50174.58935205498,34068.27366991472,0.0,1.8156692097823584
2029-03-01,875348.7577155741,78607.36369769121,37074.322016258964,33856.334499621684,0.0,2.45723865051525
2029-04-01,882880.1903366947,450648.3094131168,11348.429701556255,35571.194884156204,0.0,8.027582616783274
2029-05-01,1278968.684397765,102977.1397243539,12978.646229172866,49421.8356286444,0.0,7.01925727779128
2029-06-01,1318777.4666626628,77772.84110299395,16982.863216017195,50851.22122780519,0.0,5.364257831039917
2029-07-01,1328528.1415735965,73669.83258534379,23416.636017872064,51209.26858872753,0.0,3.890416067041834
2029-08-01,1327590.1623282647,73669.83258534379,19459.772106621684,51173.31274892245,0.0,4.68147604714244
2029-09-01,1330569.4424248822,78607.36369769121,24482.65268066166,51306.44557278901,0.0,3.7210206830225694
2029-10-01,1333334.3748104793,17162.85662072565,10019.74352507138,51176.89748309247,0.0,9.09209470003385
2029-11-01,1290133.8889364414,17162.85662072565,3953.7441085456658,49520.88029793721,0.0,23.041566297397566
2029-12-01,1254509.2876646623,17162.85662072565,4974.721899527692,48155.271770005726,0.0,18.31267331921594
2030-01-01,1219222.7953128973,73669.83258534379,117468.5265136986,47019.233958912264,0.0,0.7755307715499122
2030-02-01,1130123.5124467497,73669.83258534379,12923.62458407591,43603.76441901937,0.0,7.049141392752244
2030-03-01,1146941.5511895812,75108.0515688528,17542.214406450792,44253.968511536,0.0,5.193213062456907
2030-04-01,1160001.505077461,102298.05038762123,8534.640908689978,44858.827880078214,0.0,10.674199181273277
2030-05-01,1207980.6128449887,114360.5351819572,35097.6704489237,46744.26489669985,0.0,2.5956268844843993
2030-06-01,1239883.8283513486,21316.25425643149,56614.33987499157,47610.55099426956,0.0,1.6091410268344766
2030-07-01,1158544.1607607957,19060.089196992867,17490.28042530379,44483.88448941332,0.0,5.208633297165541
2030-08-01,1116442.194108803,19060.089196992867,8287.798621027066,42869.977171152495,0.0,10.992117589448664
2030-09-01,1084951.9264510397,20917.229971311677,26279.007327472955,41669.970327391566,0.0,3.466662795316493
2030-10-01,1038810.2109546472,18259.482849519234,13472.445150901514,39891.018082979324,0.0,6.761983884855821
2030-11-01,1004370.5408283214,21316.25425643149,10846.077384130303,38582.5494896631,0.0,8.399392128005264
2030-12-01,976790.1687790705,18259.482849519234,7948.238739047151,37513.585200250294,0.0,11.461716235629993
2031-01-01,950102.606755104,75108.0515688528,11509.700618556222,36708.48220284586,0.0,7.915102227170497
2031-02-01,976483.6096858986,17162.85662072565,14201.724675669468,37497.630048342384,0.0,6.414746031239021
2031-03-01,942600.6827650095,75108.0515688528,16190.417316833767,36420.908699956366,0.0,5.6268133932088045
2031-04-01,964671.678659272,102977.1397243539,11069.14870647051,37373.794218569026,0.0,8.230123148200809
2031-05-01,1018173.8663829525,110240.66023391575,31499.054638312205,39452.55310231211,0.0,2.892164798152221
2031-06-01,1056719.4100116072,21316.25425643149,5889.977704424017,40589.25439672675,0.0,15.467029175946386
2031-07-01,1032032.6181754816,19060.089196992867,13675.310991189333,39634.27957402769,0.0,6.661673512119306
2031-08-01,998431.2568427293,19060.089196992867,40115.531414288635,38346.2285096509,0.0,2.2709522668208053
2031-09-01,940153.7076192789,21316.25425643149,165615.99337035522,36120.906357210915,0.0,0.5500704077309644
2031-10-01,763147.3554629082,21316.25425643149,87353.53349917027,29335.668758095104,0.0,1.04289378289277
2031-11-01,669579.2520125316,21316.25425643149,12338.273213956933,25748.894578100786,0.0,7.383566194412688
2031-12-01,653125.7124549093,17049.675064603536,5411.8749669905355,25101.820904163174,0.0,16.833437127735348
2032-01-01,639916.4857497193,73669.83258534379,21821.34499455156,24812.51140253409,0.0,4.174832349827488
2032-02-01,666440.8311735677,78607.36369769121,4629.594428525938,25848.20427910899,0.0,19.677848331307576
2032-03-01,713659.5888025322,78607.36369769121,11152.577080887997,27658.255080927378,0.0,8.168556589141847
2032-04-01,752703.0079037478,450648.3094131168,16756.14830452218,30581.07389679932,0.0,5.436837592050534
2032-05-01,1148381.8069966226,127897.52553858893,30054.84648436791,44511.53774371647,0.0,3.0311403203268084
2032-06-01,1200703.7059403812,18259.482849519234,22924.662638102993,46096.929994315964,0.0,3.9739061131736038
2032-07-01,1150902.2219862079,17704.184302878442,19173.956808098163,44185.74612687765,0.0,4.75126015520821
2032-08-01,1106110.6916833874,17162.85662072565,8499.08020718574,42466.66387067672,0.0,10.718860721302176
2032-09-01,1072947.4925078398,17162.85662072565,9548.469068888699,41195.4090077207,0.0,9.540844332504367
2032-10-01,1040001.9607253267,17704.184302878442,15991.664256102455,39934.57314188592,0.0,5.696746476229693
2032-11-01,1002503.2245212436,17704.184302878442,3852.6533221864665,38497.12283735394,0.0,23.64616003090007
2032-12-01,978324.0276234004,77772.84110299395,43759.67350071564,37800.51741308144,0.0,2.0818358482155985
2033-01-01,974608.3498937272,73669.83258534379,72477.50392321551,37642.355038325586,0.0,1.2569480468934762
2033-02-01,938848.1064470513,78607.36369769121,9188.044990015775,36290.47408435002,0.0,9.9151078492753
2033-03-01,971350.0184240161,78607.36369769121,21554.142106507214,37536.379626736605,0.0,4.226587008187939
2033-04-01,990497.5222627155,450648.3094131168,22018.145179586678,39696.52235407593,0.0,4.137517318418832
2033-05-01,1372070.9558362516,106225.10581727065,24298.841393375325,53003.203456240306,0.0,3.749168757685583
2033-06-01,1400446.6747109522,17704.184302878442,8920.73864304802,53751.6084965111,0.0,10.212210069733976
2033-07-01,1356329.4926328738,17162.85662072565,12873.14116933421,52058.37623311367,0.0,7.07678536276874
2033-08-01,1309464.8094349606,17162.85662072565,21460.627694357318,50261.8982726831,0.0,4.2450043073042645
2033-09-01,1255937.6312085972,17162.85662072565,23652.11211485725,48210.02489157845,0.0,3.8516837971004954
2033-10-01,1202273.4839522229,17162.85662072565,9710.281397857258,46152.90103555567,0.0,9.381855506278416
2033-11-01,1164305.5258979835,17162.85662072565,59184.98383396432,44697.46390907509,0.0,1.5392495038195895
2033-12-01,1079227.0225760974,78607.36369769121,46918.02136926878,41671.661189999584,0.0,1.9416943498744947
2034-01-01,1069433.6098370205,78607.36369769121,6388.653325099918,41296.24736144873,0.0,14.259727733555676
2034-02-01,1099770.8939266526,78607.36369769121,8911.622141186694,42459.17557364182,0.0,10.222657060263199
2034-03-01,1126492.0331693573,78607.36369769121,32886.21072973427,43483.4850205742,0.0,2.7701719042270487
2034-04-01,1128687.3553270248,102977.1397243539,5702.836135444091,43661.056356976995,0.0,15.97458787809021
2034-05-01,1181286.0215993964,109556.89709711539,7666.577718846667,45702.55919212543,0.0,11.882806167352703
2034-06-01,1236410.480557046,18259.482849519234,55283.2496851094,47465.68849772896,0.0,1.6478853453605495
2034-07-01,1153519.9097735484,17162.85662072565,9978.913522973438,44284.015650492285,0.0,9.129296169394461
2034-08-01,1117121.9216710846,17162.85662072565,19314.821243353814,42888.760653164114,0.0,4.716608859703915
2034-09-01,1072933.5503307283,17162.85662072565,201944.57801212743,41194.87455806283,0.0,0.45111613243970883
2034-10-01,851233.3517903772,17162.85662072565,21268.693262327364,32696.374337355992,0.0,4.283312372620638
2034-11-01,815127.5885077786,17704.184302878442,21210.598046512387,31314.396369358983,0.0,4.295044241573351
2034-12-01,780965.7299181715,77772.84110299395,12905.731051720471,30235.122579657585,0.0,7.058914883233626
2035-01-01,814942.3391596931,75108.0515688528,6072.250664608475,31527.343117030694,0.0,15.00274972687972
2035-02-01,851740.9841849827,75108.0515688528,15173.181613597893,32937.95661637863,0.0,6.0040444594927695
2035-03-01,878227.0059876301,77772.84110299395,8166.827276387824,33963.46825361096,0.0,11.154938621438998
2035-04-01,913195.0494560947,106225.10581727065,6982.204908904129,35412.975674197834,0.0,13.047519829133515
2035-05-01,975817.0525789118,127897.52553858893,15405.351468809342,37896.56124319604,0.0,5.9135591410846935
2035-06-01,1049001.0126452502,18259.482849519234,12938.228392163219,40281.66514142572,0.0,7.041184792747995
2035-07-01,1014702.1952958475,17704.184302878442,12377.105666859648,38964.749643748066,0.0,7.360400682683534
2035-08-01,981701.086001696,17162.85662072565,119983.36089799677,37697.63313319874,0.0,0.7592757555562106
2035-09-01,843842.123963927,22091.65236903526,7664.435413911731,32431.937884322197,0.0,11.88612755932986
2035-10-01,826178.1256728844,19060.089196992867,7860.353708533995,31743.19755657789,0.0,11.58986737468215
2035-11-01,806023.42956344,22091.65236903526,4644.236053618937,30982.222526260008,0.0,19.615811071664112
2035-12-01,792744.7570020556,77772.84110299395,18044.33808541168,30686.65155857224,0.0,5.048700405012476
2036-01-01,821237.0183682805,73669.83258534379,63197.793784841306,31763.12577556118,0.0,1.4415132482338562
2036-02-01,800348.8454595869,78607.36369769121,13471.11890705881,30981.340363139254,0.0,6.762649608286342
2036-03-01,833857.4000109411,75108.0515688528,11435.452444411347,32252.41981915984,0.0,7.966493450333219
2036-04-01,864682.9815756452,106225.10581727065,8210.465764955512,33553.3480225162,0.0,11.09565030876097
2036-05-01,927924.40346329,110240.66023391575,16535.012673346693,35992.99336537381,0.0,5.509548664988185
2036-06-01,984544.8992257216,19060.089196992867,13271.30516861503,37813.91859721086,0.0,6.86446855396266
2036-07-01,953125.8106145296,19060.089196992867,22171.898493212135,36609.52124775146,0.0,4.108825278443799
2036-08-01,914156.1693962215,19060.089196992867,17407.660115365292,35115.68630003768,0.0,5.233354534512538
2036-09-01,881326.1732722535,21316.25425643149,26808.881386065706,33865.85283482608,0.0,3.398144655425673
2036-10-01,842712.5160229043,18259.482849519234,12482.94902201834,32373.946313852346,0.0,7.297991591514981
2036-11-01,816618.434889819,24384.23421912933,22825.58883108934,31397.152266721114,0.0,3.9911547375250023
2036-12-01,787344.5940685748,18259.482849519234,14864.727664488555,30251.51115120045,0.0,6.128632764503086
2037-01-01,760996.0772903989,76673.78226214493,22780.64225940467,29465.406839354993,0.0,3.999029349683521
2037-02-01,784961.5382685984,75108.0515688528,14960.187223340236,30378.080082232093,0.0,6.089526530648561
2037-03-01,814167.9569861748,75108.0515688528,3783.199871310817,31497.658492858565,0.0,24.080265409935947
2037-04-01,853241.4575125648,109556.89709711539,14908.963454007515,33127.52850361569,0.0,6.110448743203022
2037-05-01,913597.6460656413,109556.89709711539,8602.815919978086,35441.18038627734,0.0,10.589609012607125
2037-06-01,977870.7759942646,18259.482849519234,19163.928704268015,37555.0084408125,0.0,4.753746395420002
2037-07-01,940139.1311871791,17704.184302878442,13897.409063008085,36106.50133835125,0.0,6.555211592820552
2037-08-01,908450.6474362619,17162.85662072565,96521.3392588253,34889.702096538385,0.0,0.9438374736565867
2037-09-01,796364.5035941433,17162.85662072565,5947.438968102989,30593.0703187953,0.0,15.317594260081604
2037-10-01,777353.5550253934,17704.184302878442,13966.26319746893,29866.393011668664,0.0,6.522894185218412
2037-11-01,751719.5402070222,17704.184302878442,33577.03961162902,28883.7566314316,0.0,2.713177160753874
2037-12-01,707809.9056210103,17049.675064603536,5245.951992068945,27198.046486057276,0.0,17.365857929643575
2038-01-01,692706.9054946804,75108.0515688528,14575.639726865533,26841.655567719663,0.0,6.250185837955738
2038-02-01,725760.0954659554,73669.83258534379,9883.365343010884,28103.180246869484,0.0,9.217554328741125
2038-03-01,760768.1093632694,73669.83258534379,14422.87182160805,29445.15294599939,0.0,6.316388173367468
2038-04-01,790005.9456192463,102977.1397243539,7955.538904129837,30678.28027422581,0.0,11.45119873057354
2038-05-01,853131.6285239634,102977.1397243539,6566.979520342077,33098.0960147172,0.0,13.872505117124916
2038-06-01,915245.5706416906,17162.85662072565,12260.88489565555,35150.173926249045,0.0,7.4301698266721345
2038-07-01,885569.7876017969,17162.85662072565,18719.2372332055,34012.60323224589,0.0,4.8666757018496245
2038-08-01,850673.9137741475,17162.85662072565,22023.57304284567,32674.929232048456,0.0,4.136497598403719
2038-09-01,813848.5953870595,17162.85662072565,14602.377291662142,31263.293254720695,0.0,6.238741485745457
2038-10-01,785688.9555834401,17162.85662072565,5693.8483431258865,30183.841334236615,0.0,15.999803912934293
2038-11-01,767328.2833781035,17162.85662072565,33991.68030421106,29480.016178387785,0.0,2.6800810134918223
2038-12-01,721895.7953436057,73669.83258534379,4088.682664807643,27955.048870989416,0.0,22.281126824570016
2039-01-01,762734.1610529865,78607.36369769121,7456.010200004182,29539.445381375717,0.0,12.21839221732139
2039-02-01,803558.6024172247,78607.36369769121,6983.22390039956,31104.380939523468,0.0,13.045615936041731
2039-03-01,843311.5624343023,73669.83258534379,9586.741327589829,32609.315895607215,0.0,9.502755304122017
2039-04-01,874189.7258002233,106225.10581727065,19221.345877322197,33917.772900900214,0.0,4.7395462097938985
2039-05-01,926271.1097896495,127897.52553858893,8498.006396557794,35997.30175447241,0.0,10.720215159746314
2039-06-01,1008095.0175967319,19060.089196992867,39921.47595339045,38716.67234976231,0.0,2.2819912045928006
2039-07-01,949644.4179804856,17704.184302878442,13032.298811413393,36470.8703485851,0.0,6.990359745298065
2039-08-01,918447.1994075422,17162.85662072565,8251.038685555102,35272.902922219066,0.0,11.041089549063368
2039-09-01,892584.9734951089,17704.184302878442,11519.360657417326,34283.593545293814,0.0,7.908464689083273
2039-10-01,865017.9467445791,19060.089196992867,17229.97103081677,33232.05606966548,0.0,5.287325024346339
2039-11-01,834210.2613800635,19060.089196992867,43376.69601620742,32051.095824281896,0.0,2.1002165993915467
2039-12-01,778909.2652091092,17049.675064603536,12200.137053814107,29923.519566955743,0.0,7.467166688223344
2040-01-01,754309.7854893495,17401.531658297732,97544.66280777595,28981.889113450583,0.0,0.9339358441324968
2040-02-01,647249.8549847698,73669.83258534379,11622.519580920787,25093.623645432053,0.0,7.838270898639572
2040-03-01,683504.2300596067,75108.0515688528,16761.676573158424,26488.886649464355,0.0,5.435044436180397
2040-04-01,714758.8449974102,114360.5351819572,7458.706303699763,27837.44690326828,0.0,12.21397562668625
2040-05-01,792327.0069023058,109556.89709711539,17837.41459677475,30792.476594037445,0.0,5.1072680127349965
2040-06-01,852101.0257521041,21316.25425643149,7121.3092658311,32745.55648739194,0.0,12.79265561981853
2040-07-01,833901.4673659633,17704.184302878442,15207.782107308194,32034.061099793435,0.0,5.990384157083701
2040-08-01,804922.781250398,17704.184302878442,4965.2769775623965,30923.212431319636,0.0,18.347507583499187
2040-09-01,787082.597246472,17704.184302878442,10062.27995540319,30239.33930584194,0.0,9.053659548707085
2040-10-01,764912.7977779779,17162.85662072565,19949.68530478748,29387.422644232487,0.0,4.566510980408193
2040-11-01,733347.4143036415,19060.089196992867,9618.529377806228,28184.69004844729,0.0,9.471349872903126
2040-12-01,714958.9804234179,17049.675064603536,9623.770408584238,27472.094115180404,0.0,9.466191849167553
2041-01-01,695292.1465001942,75108.0515688528,29977.729954710223,26940.756386756326,0.0,3.038937809421621
2041-02-01,713137.4910825863,17162.85662072565,28644.821484229447,27402.704280086036,0.0,3.1803464738000136
2041-03-01,674988.6782239417,17162.85662072565,14977.799212739434,25940.334392131754,0.0,6.082366020938116
2041-04-01,651682.9478157188,114360.5351819572,5297.824843629164,25419.53961383335,0.0,17.195822755361903
2041-05-01,733743.2491414007,132549.91421421155,20271.60014704548,28634.90765496682,0.0,4.493994373368577
2041-06-01,815803.7816946161,21316.25425643149,7574.202656632393,31354.163341763033,0.0,12.027729007254297
2041-07-01,798524.962826217,18373.443372319292,15435.46892823045,30680.528429188635,0.0,5.902020691667054
2041-08-01,771307.4109347438,18373.443372319292,39203.1824222541,29637.18984726723,0.0,2.3238025938497753
2041-09-01,721795.5218418856,19060.089196992867,49956.30420704372,27741.86788914306,0.0,1.8236028154211423
2041-10-01,664267.1102550322,21316.25425643149,16521.869280664923,25545.262654468035,0.0,5.513931592874439
2041-11-01,643908.923682988,20917.229971311677,11496.382298944838,24763.336589383016,0.0,7.924271708358322
2041-12-01,628856.7771334122,17651.324211361585,122269.97450011886,24173.818845527367,0.0,0.7450762738149703
2042-01-01,502501.5859791995,75108.0515688528,7996.084735728519,19550.45799313688,0.0,11.393133015829637
2042-02-01,549163.037393672,73669.83258534379,25759.123118346404,21333.632240667223,0.0,3.536628812302837
2042-03-01,575237.1680926641,17162.85662072565,25862.190146799836,22116.52982881645,0.0,3.522534498543724
2042-04-01,545004.4663596965,109556.89709711539,17605.945118653923,21311.78745065544,0.0,5.174414459776821
2042-05-01,614306.8502403765,127897.52553858893,12798.885241681017,24038.682203892266,0.0,7.117843099594413
2042-06-01,703643.583115193,18259.482849519234,26048.24512539119,27042.975188021177,0.0,3.4973740672916773
2042-07-01,669471.0039646624,17704.184302878442,40460.58304398005,25730.898817092348,0.0,2.251585373868072
2042-08-01,621901.283524495,17704.184302878442,6263.479683575382,23907.394452543278,0.0,14.544703839128143
2042-09-01,609670.5142293047,17704.184302878442,9454.243150365368,23438.54870391996,0.0,9.635933363579646
2042-10-01,594769.3369832707,18373.443372319292,5739.443098977024,22869.902897063224,0.0,15.872699742634852
2042-11-01,584727.1393194644,17704.184302878442,4532.441841244829,22482.38683048858,0.0,20.099641692253766
2042-12-01,575592.6902565385,17401.531658297732,8704.151349076672,22131.073086762666,0.0,10.46632271733922
2043-01-01,562413.2176505475,78607.36369769121,42792.79441294405,21860.482561647004,0.0,2.1288737566631952
2043-02-01,576103.2362295176,78607.36369769121,23057.190155472385,22385.266150840238,0.0,3.951064999061833
2043-03-01,608640.5285201108,17162.85662072565,7948.474955270301,23396.99086508989,0.0,11.46137561138003
2043-04-01,594726.3120404433,102977.1397243539,14425.27194444346,23192.56749635948,0.0,6.315337232522082
2043-05-01,658848.7482088426,114360.5351819572,8967.057145518858,25694.22839004308,0.0,10.159459845254357
2043-06-01,737039.7635035161,22091.65236903526,86257.22861709858,28337.850960085125,0.0,1.0561486667326263
2043-07-01,646286.8778272681,18373.443372319292,11727.874254100325,24844.74024549843,0.0,7.767857586650816
2043-08-01,628432.1091277256,17704.184302878442,31387.51804158101,24157.7425496396,0.0,2.902442202639709
2043-09-01,591307.140097826,18373.443372319292,11853.619587998077,22737.18546519441,0.0,7.68545475276094
2043-10-01,575396.6769397106,20350.341348159243,12090.369125453395,22134.863010133147,0.0,7.534960765441781
2043-11-01,561784.3555868117,20917.229971311677,139246.9214043964,21615.230883181855,0.0,0.6542367765203871
2043-12-01,424487.7610794378,18259.482849519234,53300.11586473049,16342.01131517796,0.0,1.7091981043944142
2044-01-01,374077.48561833194,76673.78226214493,12156.288146179511,14633.540389212152,0.0,7.494101481020843
2044-02-01,423017.4318049365,75108.0515688528,56781.557155880786,16503.568065928604,0.0,1.6044022313425557
2044-03-01,424805.86096223886,73669.83258534379,68824.27248921772,16566.611289368167,0.0,1.3236675624035423
2044-04-01,413306.6197876151,102977.1397243539,4424.504075046166,16238.152007324143,0.0,20.589981488275484
2044-05-01,494063.3782010187,127897.52553858893,32976.884264187196,19429.353117165952,0.0,2.7625550149058453
2044-06-01,568126.0637734168,20917.229971311677,20104.49390348607,21858.329485611448,0.0,4.531347938293707
2044-07-01,547478.7386842024,21316.25425643149,49922.60823907066,21068.378970531943,0.0,1.8248336818408166
2044-08-01,498744.0539621626,21316.25425643149,62216.89153994628,19200.217680676575,0.0,1.464239931394018
2044-09-01,439780.55191442923,27020.39217431092,11307.779695066773,16961.81791063494,0.0,8.056440738737088
2044-10-01,438554.98653676966,20917.229971311677,19419.56311301405,16891.442510575882,0.0,4.691169233305197
2044-11-01,423452.52380581095,21316.25425643149,24146.049424981677,16314.044867734101,0.0,3.7728928404224504
2044-12-01,404670.9631798686,17049.675064603536,10300.700373864674,15577.730463778254,0.0,8.84410318653123
2045-01-01,396009.2834181961,75108.0515688528,43432.353311208346,15468.256611375167,0.0,2.0975252330269245
2045-02-01,411910.0142691581,17162.85662072565,6773.766892366398,15855.661043153847,0.0,13.449009753002334
2045-03-01,406546.8927444141,73669.83258534379,10607.752463923121,15866.684782983826,0.0,8.58810170296035
2045-04-01,452849.15901565977,106225.10581727065,31942.75170051514,17766.39855217751,0.0,2.85199152077217
2045-05-01,508295.60255871865,146305.40531477594,20055.91501400459,20045.48472091942,0.0,4.54232364548746
2045-06-01,612489.795872876,24384.23421912933,31082.62537339068,23572.22790869293,0.0,2.930912556633314
2045-07-01,582792.0201895166,21316.25425643149,11090.119712166548,22422.053584459605,0.0,8.214560290098325
2045-08-01,570826.8976013444,21316.25425643149,21268.79390413859,21963.39095075042,0.0,4.283292104413744
2045-09-01,549325.7056550724,27020.39217431092,9122.387530085554,21161.045152521136,0.0,9.986470833381226
2045-10-01,546124.4151608296,35077.113835242024,14720.584928649481,21069.21319646268,0.0,6.188643823704217
2045-11-01,545425.2177598911,35077.113835242024,136301.7275035827,21042.41065273328,0.0,0.6683734584186061
2045-12-01,425471.9834303415,19943.296339319666,21909.764044246356,16386.194418586714,0.0,4.157984395268901
2046-01-01,407466.62840925425,17049.675064603536,14799.35034590318,15684.897537715864,0.0,6.155706491887924
2046-02-01,394286.29241575784,17049.675064603536,14424.524183331689,15179.651763976368,0.0,6.3156646168801505
2046-03-01,381969.3738137401,17162.85662072565,6240.25182391197,14707.93749038417,0.0,14.598843054844822
2046-04-01,378255.6750292274,146305.40531477594,24374.01781103079,15060.625166953174,0.0,3.737605252703609
2046-05-01,483104.00734734064,162122.3530458655,11923.124514805413,19140.43932444912,0.0,7.640652992164677
2046-06-01,611682.6305692845,23340.290617577273,7935.759168666275,23537.284818634635,0.0,11.479740635237903
2046-07-01,603703.7820112212,20917.229971311677,100708.68485577832,23222.140832136673,0.0,0.9045938503760826
2046-08-01,502639.6230138277,20917.229971311677,6516.942937941558,19348.01810604189,0.0,13.979017135413955
2046-09-01,497785.5231610231,29218.71812926492,8995.421302487714,19193.7667837549,0.0,10.127425268542549
2046-10-01,498795.5703032163,33500.31015359704,128495.27094029666,19248.89797902537,0.0,0.7089790646250975
2046-11-01,386713.67056506296,33500.31015359704,32077.77050054668,14952.428891792815,0.0,2.839987180482117
2046-12-01,373439.8219266448,23340.290617577273,13499.285826907048,14404.651762093732,0.0,6.748539009257566
2047-01-01,368962.53773983935,17651.324211361585,17985.352683367244,14211.214998581721,0.0,5.065258302343395
2047-02-01,354692.5495063316,18259.482849519234,13801.911431034714,13666.530531382608,0.0,6.6005681499414095
2047-03-01,345657.8614002409,77772.84110299395,12642.956303928262,13548.335463399195,0.0,7.2056293488647425
2047-04-01,396263.2777739503,125503.37982787007,13803.456296443506,15671.174976887738,0.0,6.599829422683959
2047-05-01,490474.7713610283,175312.3087755895,12541.191265918635,19473.546485612438,0.0,7.264099164771564
2047-06-01,631060.5688101074,29218.71812926492,62217.329441064394,24302.639091134944,0.0,1.4642296257073402
2047-07-01,574843.6914048834,24384.23421912933,11500.051110216858,22129.128492290034,0.0,7.921743662431609
2047-08-01,565773.6980350926,20917.229971311677,17274.872958812233,21768.15554405454,0.0,5.273581879137812
2047-09-01,547990.913422978,20917.229971311677,23214.52206790385,21086.48272668297,0.0,3.9242874237740395
2047-10-01,525049.6548419242,29218.71812926492,16263.226169740425,20238.890922718387,0.0,5.601622706908099
2047-11-01,517904.0874463087,18259.482849519234,30774.953533250173,19922.967378697133,0.0,2.9602142827469216
2047-12-01,486079.5167266602,17049.675064603536,16767.73178993514,18698.38896945348,0.0,5.433081715601105
2048-01-01,468011.58517920686,75108.0515688528,8850.62395787424,18228.34244547052,0.0,10.293111246574831
2048-02-01,515131.7644710739,75108.0515688528,10082.826421356798,20034.61441431945,0.0,9.03521028657568
2048-03-01,559270.9696400351,75108.0515688528,17298.295339695163,21726.61580782279,0.0,5.266441300198393
2048-04-01,594671.2701081344,114360.5351819572,150258.1219394167,23234.0938687652,0.0,0.606293063058057
2048-05-01,536658.6016732566,127897.52553858893,51563.76167065648,21062.16859709429,0.0,1.7667535115430253
2048-06-01,590884.2332865723,24384.23421912933,12825.341349220096,22744.015396403378,0.0,7.1031604165092865
2048-07-01,579910.7788259322,21316.25425643149,8582.397144204142,22311.606094896913,0.0,10.614803238454408
2048-08-01,570514.2798561788,20350.341348159243,15709.054000234275,21947.704618010997,0.0,5.799232531675133
2048-09-01,553535.3704754114,21316.25425643149,13581.76649588876,21300.549653973896,0.0,6.707555826966718
2048-10-01,540226.0337162324,35077.113835242024,9245.16637539674,20843.1087710325,0.0,9.853847221445008
2048-11-01,545120.4632616838,29218.71812926492,9904.146526365937,21008.27124311556,0.0,9.198213774148076
2048-12-01,543458.8153156828,19943.296339319666,8809.538969169616,20909.01904129707,0.0,10.341115161510784
2049-01-01,533868.5414018221,77764.39081388136,6762.60257340916,20763.039530357044,0.0,13.471212600635567
2049-02-01,583156.5684059199,73669.83258534379,110009.27332020657,22636.716463019027,0.0,0.8281161601243539
2049-03-01,525296.4802628038,73669.83258534379,17147.272340060816,20418.748346202512,0.0,5.312824990081011
2049-04-01,560717.0610201121,106225.10581727065,9713.619302313127,21901.33120008478,0.0,9.378631606275327
2049-05-01,633915.2883716422,122102.04808895545,30664.508055903825,24768.122367737513,0.0,2.9708761945215834
2049-06-01,699323.0491659287,19060.089196992867,10276.134076373772,26880.423852313805,0.0,8.865246047095894
2049-07-01,681569.0393144253,20350.341348159243,6471.9487511943325,26204.8000287518,0.0,14.07620185236917
2049-08-01,669475.8977063999,24384.23421912933,5565.55682960859,25756.693246107956,0.0,16.3686149991944
2049-09-01,662669.1773625574,21316.25425643149,30489.359168528783,25484.008613520928,0.0,2.987942662108628
2049-10-01,628667.9175542925,24384.23421912933,9299.65315230986,24192.388700543175,0.0,9.796113414979605
2049-11-01,619732.4667294848,17704.184302878442,6945.260463511367,23824.256547695117,0.0,13.116924480891486
2049-12-01,606914.3833201753,17162.85662072565,35024.81044756718,23330.822023297205,0.0,2.601026410589121
2050-01-01,566501.1425328584,73669.83258534379,105268.93208836897,21998.259026399195,0.0,0.8654068697450534
2050-02-01,513918.06428404246,73669.83258534379,18812.942770282938,19982.576112963863,0.0,4.842435237931141
2050-03-01,548132.4139569725,75108.0515688528,16597.029211027384,21299.638211257246,0.0,5.488961659443914
2050-04-01,584639.6071846302,442018.99551206274,11909.733673406923,24105.57013015684,0.0,7.64924384526053
2050-05-01,982960.0557324039,471644.1821865956,7891.9052806520995,39488.070497308305,0.0,11.543531474375788
2050-06-01,1399195.4556823773,18373.443372319292,14738.687913687689,53706.210632991686,0.0,6.1810425414731665
2050-07-01,1350071.5563390912,19060.089196992867,10878.677100591092,51825.761602334795,0.0,8.374221990194934
2050-08-01,1307253.1356527577,21316.25425643149,11869.020084581864,50193.03886184666,0.0,7.6754825883513025
2050-09-01,1267278.4075110927,24384.23421912933,8516.770311097114,48672.43619520418,0.0,10.696596676007411
2050-10-01,1235094.23888682,24384.23421912933,4903.690317391144,47438.71080407935,0.0,18.577938471544254
2050-11-01,1207665.1543525103,20917.229971311677,6218.784938237711,46373.97330650701,0.0,14.64923741611431
2050-12-01,1176589.0560619552,18259.482849519234,81748.71105192555,45172.5358861313,0.0,1.1143962495278288
2051-01-01,1069983.6150384923,75108.0515688528,17867.748289880346,41303.91685767546,0.0,5.09859751335293
2051-02-01,1085618.4201331194,17162.85662072565,6232.443817860697,41681.12747765883,0.0,14.617132486445817
2051-03-01,1055449.6342019248,73669.83258534379,4722.392618022614,40741.26824209702,0.0,19.291165383480138
2051-04-01,1083122.0302979518,106225.10581727065,14438.841508480231,41926.837608903,0.0,6.30940210448981
2051-05-01,1132037.9136089168,132549.91421421155,8397.862442087777,43902.85651639945,0.0,10.84805301685219
2051-06-01,1210768.467302522,20917.229971311677,54679.17807116287,46492.93353281369,0.0,1.6660904610057639
2051-07-01,1132032.3348413836,21316.25425643149,8327.154486837015,43476.24733810401,0.0,10.940166553173146
2051-08-01,1102122.1282535342,20917.229971311677,14486.466190666102,42328.160824147126,0.0,6.2886597601489385
2051-09-01,1066904.0561421823,21316.25425643149,35550.902017751556,40979.66549224392,0.0,2.562535739726407
2051-10-01,1012734.6225371124,21316.25425643149,61024.420103432676,38903.1723430307,0.0,1.492852481770253
2051-11-01,935610.9309838939,24384.23421912933,8558.081941999098,35958.527317244116,0.0,10.644961992350318
2051-12-01,915859.5424618709,18259.482849519234,19000.42621411379,35177.91322244519,0.0,4.7946533395303135
2052-01-01,880620.4169089311,76673.78226214493,15360.632246958621,34051.00253725408,0.0,5.930775213893798
2052-02-01,907366.6535406464,75108.0515688528,10352.863323611964,35070.27208749009,0.0,8.79954213171399
2052-03-01,936489.8102028469,73669.83258534379,23892.858859874836,36181.14562079316,0.0,3.812873860523748
2052-04-01,949828.3498753408,106225.10581727065,27982.268941147577,36817.25096915892,0.0,3.2556493968234976
2052-05-01,990469.9950051672,127897.52553858893,12364.914808640442,38458.25688110442,0.0,7.367657473575166
2052-06-01,1066085.7882197853,21316.25425643149,5296.431491829393,40948.2985824943,0.0,17.20034652398266
2052-07-01,1041629.0606772082,18373.443372319292,22521.87650049483,39999.51074334004,0.0,4.044976314384746
2052-08-01,998316.5756814075,17704.184302878442,8943.423847437574,38336.634771381854,0.0,10.186306559327573
2052-09-01,969300.3973453336,17162.85662072565,60487.38142172065,37222.27381472781,0.0,1.5061068087051686
2052-10-01,890277.8721591908,21316.25425643149,52253.922758695895,34209.00099376872,0.0,1.7434185261208817
2052-11-01,826364.0429379422,24384.23421912933,12774.269877643967,31770.733583712237,0.0,7.131558818827944
2052-12-01,806584.7975477362,17651.324211361585,6520.21199403227,30986.720370475774,0.0,13.972008438281021
2053-01-01,787104.9383561393,76673.78226214493,4086.7746601777726,30466.245643246344,0.0,22.291529280461276
2053-02-01,828428.6039759524,73669.83258534379,8246.439907568718,32038.80298413575,0.0,11.04724681451768
2053-03-01,861181.421285065,73669.83258534379,10995.865618330963,33294.32655589116,0.0,8.284973658474732
2053-04-01,890005.0792608956,106225.10581727065,32072.698408998178,34524.027589714206,0.0,2.8404363062398654
2053-05-01,928883.5287600268,125503.37982787007,5554.60770218206,36088.26684401231,0.0,16.400880473379296
2053-06-01,1011157.0517880461,20917.229971311677,8495.855309205617,38841.16925847264,0.0,10.722929438462636
2053-07-01,985237.2272911782,17704.184302878442,29989.563207285446,37835.260185734674,0.0,3.037738708307319
2053-08-01,936065.0747920822,17704.184302878442,7969.871009934774,35950.32931234108,0.0,11.430606202589667
2053-09-01,910345.1725516875,17704.184302878442,9133.035349726992,34964.40058378936,0.0,9.974828029404616
2053-10-01,884451.3887195493,24384.23421912933,37854.33652402558,33997.41323576232,0.0,2.4066055666351436
2053-11-01,837882.151868426,20917.229971311677,26222.941997337995,32198.970537383862,0.0,3.4740746102877393
2053-12-01,801087.2106243322,18259.482849519234,21350.29942480246,30778.310994417265,0.0,4.2669404858167646
2054-01-01,767859.0248688911,76673.78226214493,16368.019296488908,29728.48626776561,0.0,5.565759384187792
2054-02-01,797857.6549759734,73669.83258534379,9063.133872328226,30866.917624834856,0.0,10.051761154952159
2054-03-01,830958.9420120451,75108.0515688528,74572.82087929994,32141.312359150757,0.0,1.221630829112002
2054-04-01,799950.9761127826,106225.10581727065,9242.226279094142,31071.956637506646,0.0,9.856981883906982
2054-05-01,864614.5959520872,127897.52553858893,12808.457734135469,33633.804112582984,0.0,7.112523528668925
2054-06-01,944528.3943557183,24384.23421912933,50004.1436597602,36300.36311591527,0.0,1.821858156793338
2054-07-01,883779.9055054442,21316.25425643149,15935.247742054964,33959.91248864065,0.0,5.716915009709911
2054-08-01,855741.8288102039,21316.25425643149,13030.857226815699,32885.120483259,0.0,6.991133078530542
2054-09-01,831607.632298411,24384.23421912933,11926.492585968248,31971.737667743895,0.0,7.638495252760352
2054-10-01,812462.9205329937,35077.113835242024,12003.597122071207,31278.84702444546,0.0,7.589429741230828
2054-11-01,804412.8684846588,35077.113835242024,8256.750311812391,30970.26196426102,0.0,11.033451849654282
2054-12-01,800341.5030213948,20917.229971311677,28951.946677262524,30759.913582935962,0.0,3.1466090351549987
2055-01-01,762281.0251156688,76673.78226214493,7707.231549016882,29514.66312982541,0.0,11.820127165067536
2055-02-01,800986.3223313405,73669.83258534379,9065.023269218085,30986.84976916835,0.0,10.049666095105124
2055-03-01,833968.0931858262,73669.83258534379,10244.024581234367,32251.14988586461,0.0,8.893033814745369
2055-04-01,864552.7998241546,102977.1397243539,6073.875730685312,33535.90720051882,0.0,14.998735739646285
2055-05-01,926720.9881845114,114360.5351819572,22638.21947198996,35962.655326702385,0.0,4.024188258830058
2055-06-01,981425.4487308455,19060.089196992867,219873.38120359037,37694.339765555625,0.0,0.4143314506799989
2055-07-01,747431.3525940034,17704.184302878442,159731.17030320351,28719.376249205467,0.0,0.5703361268002487
2055-08-01,579916.2068254165,17704.184302878442,39823.55640320452,22297.967911914493,0.0,2.2876022442001016
2055-09-01,536339.4237608986,17704.184302878442,8774.405820345484,20627.52601366741,0.0,10.382521490943873
2055-10-01,524863.0452481991,22091.65236903526,17835.827142842412,20204.417166188585,0.0,5.107722578291468
2055-11-01,509216.2656129895,20917.229971311677,8618.545202133635,19600.12251978834,0.0,10.570282439018463
2055-12-01,502053.0007972723,17049.675064603536,12017.8832958943,19310.705326377476,0.0,7.580407860269609
2056-01-01,488044.30243019236,75108.0515688528,16383.3319737039,18996.262605667725,0.0,5.560557348543078
2056-02-01,527020.9352326419,73669.83258534379,13021.631067112437,20484.852395897804,0.0,6.9960864756861545
2056-03-01,566424.2302378382,73669.83258534379,44037.22236734345,21995.310724320498,0.0,2.0687148757946434
2056-04-01,573917.0009247618,127897.52553858893,6949.519399933447,22490.40599312201,0.0,13.108885918193485
2056-05-01,670511.382340051,119659.77803591797,7982.746879790763,26161.6093895943,0.0,11.4121690655921
2056-06-01,754408.5040939426,24384.23421912933,16813.41753145908,29012.440326543547,0.0,5.418318841457704
2056-07-01,733372.6432881238,20917.229971311677,7359.981840069445,28192.776192122565,0.0,12.377810024479682
2056-08-01,719014.0790164253,19060.089196992867,42488.93343435013,27635.246006881844,0.0,2.1440984660337445
2056-09-01,668916.3293009549,19060.089196992867,5231.960820307763,25714.833937713804,0.0,17.41229724932098
2056-10-01,657254.5686137549,24384.23421912933,25333.349590172562,25288.209371600868,0.0,3.596068363393214
2056-11-01,631513.76089793,23340.290617577273,17019.0981443738,24297.4774868617,0.0,5.352836926327741
2056-12-01,613877.6603991103,18259.482849519234,7529.721711674535,23601.951142768765,0.0,12.098781401011454
2057-01-01,601249.0646467475,76673.78226214493,5253.612119671906,23341.776679582115,0.0,17.340537315055784
2057-02-01,648417.6191222196,73669.83258534379,9793.10899730167,25138.387898442157,0.0,9.302506183184649
2057-03-01,686422.8677517178,75108.0515688528,18735.634576562785,26600.767663707356,0.0,4.862416409101056
2057-04-01,715631.1162399662,110240.66023391575,5416.856255300147,27855.091098255973,0.0,16.81795726273193
2057-05-01,791143.267643411,122102.04808895545,8286.07382570434,30795.189665556,0.0,10.99440566380136
2057-06-01,872592.9609222708,21316.25425643149,7499.9689019400685,33531.07998585049,0.0,12.146777965497218
2057-07-01,853251.250487213,21316.25425643149,44253.2835535664,32789.64839723029,0.0,2.0586146311544864
2057-08-01,798579.1484629938,19060.089196992867,38803.5872121717,30685.237683497988,0.0,2.3477328655692973
2057-09-01,749104.729797816,19060.089196992867,22403.50400346579,28788.71995048013,0.0,4.066348593769389
2057-10-01,717580.6658777857,24384.23421912933,25540.379791948864,27600.707755852138,0.0,3.566918649687337
2057-11-01,689368.0093167144,20917.229971311677,12732.690588991476,26505.933356706337,0.0,7.154847309237555
2057-12-01,671393.3307240438,18259.482849519234,56494.50095002863,25806.71658803554,0.0,1.6125544162356888
2058-01-01,608563.5264442501,76673.78226214493,8990.358203181728,23622.16413800432,0.0,10.133128729816253
2058-02-01,651790.9679028299,75108.0515688528,10283.991201481671,25273.21265722998,0.0,8.858472864783728
2058-03-01,690593.3525167587,75108.0515688528,11077.381361441006,26760.6361073511,0.0,8.224006561434223
2058-04-01,727158.0858019568,127897.52553858893,10517.94583352711,28364.64247204499,0.0,8.66143051522544
2058-05-01,814488.4979391058,125503.37982787007,13920.914910411651,31703.127809044698,0.0,6.544142937894453
2058-06-01,892856.1927076707,21316.25425643149,8788.132020856387,34307.836528849766,0.0,10.366305010415903
2058-07-01,871488.6392993924,17704.184302878442,27162.51997805443,33474.90143766915,0.0,3.3539029910922586
2058-08-01,829367.873863903,17704.184302878442,16056.777668509008,31860.273500000905,0.0,5.673645041412556
2058-09-01,799726.7574711168,17704.184302878442,6171.639442097236,30724.031692981316,0.0,14.761143753570023
2058-10-01,780898.4517206629,17162.85662072565,45270.28927320002,30000.205512513614,0.0,2.012367459156737
2058-11-01,723890.4466935864,17704.184302878442,71662.84229807033,27816.97564105301,0.0,1.2712370048215775
2058-12-01,643662.3410495272,17049.675064603536,47399.05391438851,24739.058649069237,0.0,1.9219889317737087
2059-01-01,589616.4011173011,73669.83258534379,17534.611571281253,22884.343168294214,0.0,5.195464788578906
2059-02-01,622238.0369512012,78607.36369769121,7610.38548329136,24153.765307344747,0.0,11.970544356788695
2059-03-01,668194.7855168114,75108.0515688528,22174.514262759767,25902.02511897202,0.0,4.1083405895837615
2059-04-01,694714.7514166024,106225.10581727065,5223.003211911727,27037.90486536056,0.0,17.44215986546471
2059-05-01,767279.2453410198,127897.52553858893,12432.208401557698,29902.618917003754,0.0,7.327777499980256
2059-06-01,851222.7488853883,19060.089196992867,17569.095876666524,32703.24061156976,0.0,5.185267223738604
2059-07-01,820601.1644142837,17704.184302878442,15918.50103963654,31524.216596655817,0.0,5.722929362077678
2059-08-01,791425.4052317213,17162.85662072565,8647.076193213417,30403.73837953907,0.0,10.535405837119765
2059-09-01,769951.6565755005,17162.85662072565,6554.244516457479,29580.578730175563,0.0,13.899459620593941
2059-10-01,751338.7168151141,17162.85662072565,7488.881285526276,28867.08332645874,0.0,12.1647618017486
2059-11-01,732508.820584532,17162.85662072565,11117.626322227161,28145.27126528297,0.0,8.194236283860826
2059-12-01,710827.0023878292,73669.83258534379,15972.318785169415,27530.74550997775,0.0,5.70364630366559
2060-01-01,740422.892577949,78607.36369769121,17680.95825701257,28684.180833541563,0.0,5.152461516833681
2060-02-01,772054.9629998942,78607.36369769121,16201.31896376689,29896.742478647113,0.0,5.623027187091357
2060-03-01,803949.0568732924,78607.36369769121,14405.834672931243,31119.348347324252,0.0,6.323858288557134
2060-04-01,836405.1879762473,102977.1397243539,19414.06850482566,32456.916351269436,0.0,4.692496937329524
2060-05-01,886544.2062817566,132549.91421421155,11970.397872025818,34492.27258531523,0.0,7.6104786134884375
2060-06-01,971002.3288253758,19060.089196992867,27521.006757165927,37294.78718328328,0.0,3.3102152767823156
2060-07-01,926112.5083403974,18373.443372319292,7537.999216723119,35571.38008764737,0.0,12.085495684039447
2060-08-01,901844.6770449674,17162.85662072565,10899.811951590085,34636.47345173778,0.0,8.357984284922464
2060-09-01,874008.1890761862,18373.443372319292,7295.353244049337,33574.04958599658,0.0,12.487463451383753
2060-10-01,851937.9447786348,17704.184302878442,11818.76511478284,32725.458799396598,0.0,7.708119766764135
2060-11-01,825605.8280138216,27020.39217431092,10272.925842653929,31751.77396693578,0.0,8.868014662555465
2060-12-01,810885.4629790031,18259.482849519234,171892.15352218086,31153.910341404568,0.0,0.5299861287050804
2061-01-01,629595.7965589783,76673.78226214493,8884.321781537155,24428.40045799323,0.0,10.254069949303197
2061-02-01,672136.2887526191,17162.85662072565,9655.975163241394,25830.9928908107,0.0,9.434620062694805
2061-03-01,654158.9441263975,76673.78226214493,10206.568472601477,25369.986962639377,0.0,8.925669508273046
2061-04-01,694478.4440670906,106225.10581727065,13965.568745908426,27028.84642483952,0.0,6.523218542509429
2061-05-01,758474.7044165136,114360.5351819572,19106.445256998253,29513.220057138595,0.0,4.768048466086698
2061-06-01,822971.4893188337,19060.089196992867,71403.41949202915,31620.276603227154,0.0,1.2758556613688459
2061-07-01,740596.8157766594,18373.443372319292,11623.860230984048,28459.95138989383,0.0,7.837366863476786
2061-08-01,719297.2961035428,22091.65236903526,194476.01660024357,27657.72363450173,0.0,0.46844057479469114
2061-09-01,523040.81914443255,24384.23421912933,6929.126417997641,20143.35344906849,0.0,13.147466434351179
2061-10-01,520403.44605113164,27020.39217431092,30225.056132925973,20052.359498445396,0.0,3.014070729905404
2061-11-01,497586.5401842914,20917.229971311677,9152.3949875019,19154.316766012427,0.0,9.953728737057643
2061-12-01,490336.89748858946,17704.184302878442,5040.1221296630665,18864.0973733131,0.0,18.07504950402662
2062-01-01,484254.1922020375,75108.0515688528,8299.906354395238,18850.975173258794,0.0,10.976082513480108
2062-02-01,531303.8172965973,73669.83258534379,41003.734117232685,20649.02939892003,0.0,2.2217600167715728
2062-03-01,543093.4744835236,78607.36369769121,8469.702977536157,21119.893050902527,0.0,10.756039171812986
2062-04-01,591183.6263800869,106225.10581727065,18039.736767554623,23069.2151899983,0.0,5.049988155251176
2062-05-01,655067.517445124,127897.52553858893,9613.627047211758,25601.17308805201,0.0,9.476179651302562
2062-06-01,745996.308264564,20917.229971311677,9298.662631842819,28676.68292876394,0.0,9.797156925344392
2062-07-01,729261.0016856618,19060.089196992867,12806.709303717274,28028.04436763849,0.0,7.113494562850519
2062-08-01,707898.4025331577,21316.25425643149,8876.642045598126,27217.7940707531,0.0,10.262941383918502
2062-09-01,693399.8840532072,21316.25425643149,36880.87909485421,26662.018012305616,0.0,2.4701270478314266
2062-10-01,651972.3412390279,21316.25425643149,27290.00400246176,25073.963585346835,0.0,3.3382353843473993
2062-11-01,621512.1770752596,19060.089196992867,8201.979874598768,23897.676349200556,0.0,11.107130033583083
2062-12-01,608719.3717558554,18259.482849519234,29895.133198050473,23404.21691672028,0.0,3.0473340391719965
2063-01-01,574342.601467347,17049.675064603536,29251.403558633574,22081.804275743652,0.0,3.1143960944435305
2063-02-01,540707.8527457439,77772.84110299395,11868.660237427668,21025.245296643767,0.0,7.675715302112691
2063-03-01,584737.4960993185,73669.83258534379,8717.61898648647,22697.31863856838,0.0,10.450153550094178
2063-04-01,626192.7563780984,106225.10581727065,29381.756708989895,24411.230672951075,0.0,3.1005789715808967
2063-05-01,677632.6456204485,146305.40531477594,27695.306214490847,26536.732393717626,0.0,3.289382550763568
2063-06-01,767963.6092910822,20917.229971311677,25255.376103604816,29518.76206920377,0.0,3.607170870323994
2063-07-01,734747.4116636389,19060.089196992867,6342.991450265253,28238.356567247276,0.0,14.362380544623047
2063-08-01,719519.8782651143,17704.184302878442,6449.306373202186,27649.43733031386,0.0,14.125620916155537
2063-09-01,703435.5706896706,18373.443372319292,10066.151658385976,27035.438233600766,0.0,9.050177276447592
2063-10-01,685061.8369662386,19060.089196992867,8537.772372198839,26333.74452669942,0.0,10.670284124304636
2063-11-01,669549.6258631792,18259.482849519234,14783.874265421258,25736.041296492556,0.0,6.162150419060273
2063-12-01,647710.4511858351,17049.675064603536,27344.294263379015,24894.23606935737,0.0,3.3316075420533617
2064-01-01,613187.5123541635,75108.0515688528,7839.613870135851,23793.414814646287,0.0,11.620528575653093
2064-02-01,655839.8107678463,73669.83258534379,9659.266194291353,25422.904997451456,0.0,9.43140557135081
2064-03-01,693697.2364725963,73669.83258534379,5503.255217500575,26874.10505421935,0.0,16.553921887957667
2064-04-01,734208.2870603288,106225.10581727065,7115.955055272293,28551.822415252216,0.0,12.802281112287607
2064-05-01,803430.3834337449,146305.40531477594,28266.948692143873,31358.974816636062,0.0,3.222861370435756
2064-06-01,888469.5364709097,20917.229971311677,4058.6422498766356,34138.15192756625,0.0,22.446042639695342
2064-07-01,871516.9719847771,18373.443372319292,15662.49097295449,33478.55301386647,0.0,5.816473072981141
2064-08-01,841331.6196646162,18373.443372319292,7688.3860666480505,32321.448847772044,0.0,11.849100215608395
2064-09-01,820104.6767574258,17704.184302878442,91182.65423826838,31505.184586359184,0.0,0.9990985430402848
2064-10-01,717107.7404898825,17704.184302878442,36778.71253946984,27556.97212933457,0.0,2.4769887445688497
2064-11-01,671358.6980019951,17162.85662072565,17251.81767637783,25801.185271289807,0.0,5.280629479683172
2064-12-01,645958.4986724796,17401.531658297732,7192.40121543655,24828.426730513464,0.0,12.666208999086066
2065-01-01,631615.8590027613,78607.36369769121,9601.210081418649,24513.24817339382,0.0,9.488434918876314
2065-02-01,675266.7774922549,78607.36369769121,34824.818323659885,26186.531927127122,0.0,2.615963596803794
2065-03-01,692529.8027108916,75108.0515688528,11627.27683594202,26834.86663357785,0.0,7.835063900636817
2065-04-01,728482.2210008389,106225.10581727065,14167.804523114735,28332.323407173975,0.0,6.430104032799848
2065-05-01,791001.262807641,127897.52553858893,24350.95035407597,30811.962129156982,0.0,3.741145855720214
2065-06-01,862359.4407967199,21316.25425643149,22354.436696510937,33138.79538882171,0.0,4.0752741049484325
2065-07-01,828829.2305625987,18373.443372319292,16623.938156635835,31842.191015607677,0.0,5.480076750865144
2065-08-01,799306.0209203596,17704.184302878442,10576.708267069502,30707.903472560178,0.0,8.613309046600119
2065-09-01,776171.8311940784,18373.443372319292,16180.608502691442,29823.65912839438,0.0,5.630224412440766
2065-10-01,749063.8946475344,17704.184302878442,19183.78447154315,28781.956973506083,0.0,4.748826131524602
2065-11-01,719375.0093965158,19060.089196992867,7871.174683834298,27649.081659420965,0.0,11.573934089799934
2065-12-01,703226.3356411601,77772.84110299395,5295.517364652024,27255.115057018626,0.0,17.20331569642324
2066-01-01,747592.7559819845,73669.83258534379,37217.87979669111,28940.098172228583,0.0,2.4477605252542993
2066-02-01,754962.4557195622,78607.36369769121,9657.53291453799,29241.530269317966,0.0,9.433098267038957
2066-03-01,793919.3134889657,78607.36369769121,54000.02962413889,30734.87518524984,0.0,1.6870445744955038
2066-04-01,787907.7304074536,102977.1397243539,5666.842910064559,30597.848761047597,0.0,16.07605124154785
2066-05-01,853357.7072795014,114360.5351819572,29302.927050310485,33150.398670786366,0.0,3.1089200353121282
2066-06-01,904282.6209626945,19060.089196992867,10248.873080435738,34737.20060587076,0.0,8.888826730999657
2066-07-01,878847.2616747783,17704.184302878442,11973.48230247342,33756.98171677153,0.0,7.608518115166959
2066-08-01,851351.3532982516,17704.184302878442,142186.14274000344,32702.972812201624,0.0,0.6407126267331344
2066-09-01,697141.0010309741,17704.184302878442,14360.752684944247,26791.58111563439,0.0,6.34371045854089
2066-10-01,674136.5860064796,17162.85662072565,9941.521199272229,25907.670885532112,0.0,9.163633529913815
2066-11-01,655803.8721032031,17704.184302878442,13252.108536695707,25206.99255130747,0.0,6.874412230154815
2066-12-01,635441.722861077,17049.675064603536,8051.80735156874,24423.935225865924,0.0,11.314286721260267
2067-01-01,620307.5793630647,73669.83258534379,6995.181740132733,24060.837311342544,0.0,13.02331524531218
2067-02-01,662114.9660144368,73669.83258534379,9235.045064727137,25663.452406065586,0.0,9.864646719262295
2067-03-01,700152.5895853869,17162.85662072565,10192.543660246189,26904.95015552344,0.0,8.937951117670226
2067-04-01,680595.1969031844,102977.1397243539,348590.2724350101,26484.205220468393,0.0,0.2613396419918299
2067-05-01,413647.04863068956,114360.5351819572,4454.851444044971,16294.838079603864,0.0,20.449718277761804
2067-06-01,505486.3958904309,19060.089196992867,11634.66309188023,19450.025271308165,0.0,7.830089817003685
2067-07-01,493689.3511065992,17704.184302878442,8418.67664214061,18992.607983588354,0.0,10.821232465918296
2067-08-01,484165.94865076104,17704.184302878442,7930.908924467068,18627.544540227973,0.0,11.486761210805565
2067-09-01,475479.2383175217,19060.089196992867,18613.054874934674,18299.751897918562,0.0,4.894438748078946
2067-10-01,457964.36685738974,20917.229971311677,34402.459725895285,17635.468109220306,0.0,2.64807975144368
2067-11-01,427432.59932575317,20917.229971311677,11417.531942298168,16465.084704899822,0.0,7.978997340266071
2067-12-01,420599.02612997114,18259.482849519234,16304.593122226379,16192.94327173957,0.0,5.587410634357511
2068-01-01,406630.4145382739,76673.78226214493,121421.2969525052,15881.401579378962,0.0,0.7502840052485569
2068-02-01,347148.84425524576,75108.0515688528,6176.296199416446,13595.274738810043,0.0,14.750014257510419
2068-03-01,401438.13333311863,75108.0515688528,21942.41144503773,15676.362343818868,0.0,4.15179786543481
2068-04-01,438217.96131503145,114360.5351819572,19398.912768063947,17236.72224680655,0.0,4.696163031877586
2068-05-01,514471.98986241966,146305.40531477594,20276.36961174221,20282.24602834838,0.0,4.492937283370638
2068-06-01,618217.6196581941,24384.23421912933,13742.991788399584,23791.79429620267,0.0,6.628866436265908
2068-07-01,605315.9297852193,20917.229971311677,7263.175522811179,23283.939776401676,0.0,12.542786101462681
2068-08-01,595868.2811021939,21316.25425643149,9027.397319700487,22923.309816903537,0.0,10.091552833416504
2068-09-01,585435.07537575,20917.229971311677,253325.80466988005,22521.841020067164,0.0,0.35961775437254406
2068-10-01,335328.9812409619,18259.482849519234,19898.24681547282,12924.261059995712,0.0,4.578315760419684
2068-11-01,321041.54795152927,21316.25425643149,104899.11311948329,12388.294207019164,0.0,0.8684578381156931
2068-12-01,226886.55990781463,18259.482849519234,11487.354755671184,8767.305190305779,0.0,7.9304991390663435
2069-01-01,224929.13968671008,76673.78226214493,8236.693229020782,8916.192100111512,0.0,11.06031928918038
2069-02-01,283323.6588708989,17162.85662072565,8333.696243106433,10926.521705765756,0.0,10.931578778787092
2069-03-01,281265.98815988016,75108.0515688528,37978.73184485429,11069.767451249565,0.0,2.3987229845417586
2069-04-01,306832.38758485904,109556.89709711539,17275.06154145858,12181.865703355963,0.0,5.273524310253087
2069-05-01,385416.539827344,125503.37982787007,26770.08748175614,15255.383717159095,0.0,3.403069080819594
2069-06-01,467314.70648930816,21316.25425643149,6652.446607688704,17995.427075195403,0.0,13.69427856733322
2069-07-01,464046.13486930454,17704.184302878442,17811.438736758217,17856.285682599264,0.0,5.114716354271379
2069-08-01,446422.5380823099,17704.184302878442,11128.324842751503,17180.715059884362,0.0,8.186358529903877
2069-09-01,436018.3695352107,17704.184302878442,31029.179351735613,16781.88894571785,0.0,2.9359608891784728
2069-10-01,406481.230385981,21316.25425643149,5563.300965047516,15663.479185683733,0.0,16.375252313753244
2069-11-01,406569.01127724815,21316.25425643149,14123.746223459248,15666.844116922945,0.0,6.450162411491368
2069-12-01,398255.0441408918,17049.675064603536,25927.643439585092,15331.787114481445,0.0,3.5136420019149197
2070-01-01,374503.4358113833,75108.0515688528,13117.640630524305,14643.866503308931,0.0,6.9448812912294855
2070-02-01,420953.9908228004,17162.85662072565,12540.578643209217,16202.34650957758,0.0,7.264454024960908
2070-03-01,409593.06434330356,17162.85662072565,53376.312247600545,15766.844706561085,0.0,1.7067581697552603
2070-04-01,358596.4429644817,106225.10581727065,5104.904042874811,14153.380911972887,0.0,17.845674714915315
2070-05-01,443917.49743303406,114360.5351819572,9996.57511886231,17455.204274678777,0.0,9.11316685132537
2070-06-01,529181.5856552303,19060.089196992867,3505.190121655324,20358.34008911915,0.0,25.9901614001405
2070-07-01,524469.0453058289,17704.184302878442,40733.5497595104,20172.495235235685,0.0,2.2364968812650563
2070-08-01,482084.7397433114,17704.184302878442,11086.289247911156,18547.764934816034,0.0,8.217398532801663
2070-09-01,470380.63158197544,17162.85662072565,9780.29599017199,18097.032757791265,0.0,9.314693245638464
2070-10-01,459868.9208984724,17162.85662072565,6596.123410218738,17694.084198647342,0.0,13.811211727613653
2070-11-01,452876.44841476943,20350.341348159243,24110.17638193517,17438.25833401802,0.0,3.778506451253425
2070-12-01,432079.5092956059,17049.675064603536,49442.720016856205,16628.390484596646,0.0,1.8425454135399848
